,latitude,longitude
0,59.2823 ,10.33004
1,39.4803 ,-97.64928
2,55.611735 ,37.665831
3,29.961078 ,-81.340501
4,30.04479 ,-98.039313
5,27.557585 ,80.699477
6,50.422389 ,30.505906
8,40.393715 ,-3.676087
9,40.416024 ,-3.696213
11,36.718612 ,-4.496911
17,12.4989 ,124.6377
22,-12.763924 ,-40.969305
23,38.09032 ,-92.29267
24,14.18455 ,12.003467
25,41.311421 ,19.446037
29,14.718301 ,-17.27781
32,-13.716985 ,-76.205805
33,26.407384 ,93.25513
38,28.486359 ,-16.317929
39,41.648971 ,-4.713868
40,40.483359 ,-3.667923
41,59.927468 ,40.396485
44,40.927641 ,-8.572243
47,53.16667 ,-7.02121
49,43.045331 ,-9.246803
50,20.646389 ,-103.413621
52,40 ,-4
54,9.427095 ,49.002487
58,31.31517 ,-85.85522
59,41.76797 ,-76.442844
60,45.16667 ,15.5
62,38.009583 ,-3.369091
63,22 ,-102.5
64,44.432114 ,26.105103
65,36.713508 ,-4.432622
67,52.01991 ,-128.27791
69,9.598 ,138.1665
74,-34.623945 ,-58.427
76,55.857808 ,48.819654
78,48.877368 ,2.330422
79,48.829077 ,2.237703
81,40 ,-4
83,29.773333 ,-95.215543
84,50.985836 ,-0.273958
86,52.097217 ,5.0646
90,5.343059 ,-3.989415
93,2.384034 ,30.920685
95,50.106603 ,8.669371
96,52.845879 ,8.040395
97,42.83333 ,12.83333
98,32.793686 ,-97.407725
99,35.463688 ,-97.604454
100,28.136787 ,-16.670687
102,48.698425 ,9.165179
103,38.46806 ,106.27306
106,22.681197 ,75.879578
107,8.4115 ,-75.58508
108,55.835634 ,37.954136
109,38.46806 ,106.27306
110,14.571417 ,120.983441
111,30.60497 ,-87.898838
112,45.285795 ,-75.935494
113,43.83768 ,7.85849
117,13.791835 ,121.070425
118,12.936882 ,77.582079
120,8.5 ,-11.5
122,14.102352 ,122.843792
125,42.24568 ,-122.78865
126,52.514157 ,-2.077159
128,8.035032 ,-76.336075
132,29.961078 ,-81.340501
133,40.393715 ,-3.676087
135,36.718612 ,-4.496911
137,37.540601 ,-5.079589
138,12.4989 ,124.6377
140,40.483359 ,-3.667923
141,40 ,-4
142,48.181161 ,11.585906
143,38.345192 ,-0.527115
144,24.433143 ,90.496538
146,53.124575 ,8.711679
147,51.347247 ,9.462564
148,18.442154 ,-69.976878
149,50.480869 ,9.730465
150,9.145865 ,-79.617169
152,40.454179 ,-3.700284
156,12.4989 ,124.6377
157,54.155568 ,38.1775
160,40 ,-4
161,46.946512 ,7.434997
162,-7.437889 ,-70.028143
167,40.393715 ,-3.676087
172,38.683303 ,-9.342408
173,40 ,-4
174,40.483359 ,-3.667923
175,59.927468 ,40.396485
177,-15.244396 ,-40.24283
180,25.334561 ,55.392918
181,48.06572 ,11.614658
183,34.94957 ,-81.93205
186,8.5 ,-11.5
187,39.594915 ,2.673811
189,40.91534 ,-81.10593
190,-15.763386 ,-47.88108
194,40 ,-4
197,41.94514 ,25.07868
199,-26.828806 ,-65.208318
202,54.326624 ,10.105359
203,52.507568 ,13.391332
204,12.832143 ,80.223782
206,48.555132 ,12.743875
207,45.339841 ,-75.910723
208,29.961078 ,-81.340501
209,30.04479 ,-98.039313
211,52.498252 ,-2.002874
212,38.46806 ,106.27306
213,15.760691 ,43.686232
214,25.029422 ,-77.361956
215,43.569326 ,1.38676
216,33.588178 ,-100.217897
217,40.393715 ,-3.676087
218,40.416024 ,-3.696213
221,29.88628 ,-95.494941
222,40 ,-4
228,41.412355 ,2.197328
229,37.540601 ,-5.079589
230,12.4989 ,124.6377
235,25.029422 ,-77.361956
237,41.406739 ,2.132058
240,33.703837 ,72.978521
241,41.395942 ,2.149939
242,54.247107 ,-3.253915
243,39.78373 ,-100.445882
244,14.18455 ,12.003467
245,41.311421 ,19.446037
246,41.82046 ,1.86768
248,43.451896 ,-3.871985
250,18.833333 ,-98
251,43.599429 ,-116.21314
256,38.09032 ,-92.29267
257,40.445524 ,-3.656695
259,41.396587 ,2.15164
264,41.394306 ,2.152455
267,-36.846418 ,174.761639
269,-13.716985 ,-76.205805
270,52.171533 ,20.973048
273,45.154542 ,-64.398833
274,39.029027 ,-96.829684
276,51.450806 ,-1.047016
278,42.83333 ,12.83333
280,40 ,-4
284,28.486359 ,-16.317929
286,49.95972 ,11.91072
287,41.400178 ,2.191572
288,40.483359 ,-3.667923
289,33.374755 ,130.194511
293,-12.162391 ,-76.997239
295,40.927641 ,-8.572243
296,40 ,-4
297,40 ,-4
300,41.397742 ,2.200686
303,-15.244396 ,-40.24283
305,40 ,-4
308,41.396109 ,2.15224
309,34.51147 ,-110.079608
311,25.029422 ,-77.361956
313,45.786731 ,4.813551
314,40 ,-4
315,-37.7 ,145.18333
317,32 ,-6
318,5.26176 ,-0.75897
324,51.478049 ,-0.607207
326,-37.786167 ,144.8908
328,44.396444 ,-71.4396
331,41.382788 ,2.142822
336,40 ,-4
337,31.205963 ,16.583621
338,50.881401 ,4.28982
344,-20.463137 ,-41.414873
348,37.598532 ,-93.431586
349,41.395983 ,2.196867
351,-9.42547 ,147.111654
353,38.09032 ,-92.29267
354,31.31517 ,-85.85522
356,40.883642 ,0.804529
362,45.14914 ,11.82057
365,6.996299 ,-9.471709
371,48.849147 ,2.352669
373,8.5 ,-11.5
375,36.983414 ,-122.056168
376,47.269234 ,11.182966
378,50.857585 ,5.809624
380,49.711287 ,-54.059949
381,46.946512 ,7.434997
383,41.36169 ,-83.62299
384,25 ,45
385,38.46806 ,106.27306
388,4.25 ,-74.18333
394,41.689785 ,-73.022303
395,43.570125 ,17.874871
397,36.223189 ,43.992625
399,53.566578 ,9.965491
401,48.315259 ,14.305121
403,38.46806 ,106.27306
405,8.616696 ,-13.198092
407,49.170979 ,-66.334046
408,9.598 ,138.1665
410,44.632531 ,-93.371892
411,19.426399 ,-99.170338
412,50.451827 ,30.525852
416,-26.891587 ,-49.085871
418,41.135892 ,0.651719
419,42.392616 ,-71.259491
421,40.107509 ,-89.376854
423,47.451068 ,8.565125
425,51.465532 ,-0.213083
430,50.969546 ,-0.883874
433,-34.623945 ,-58.427
434,42.242865 ,-83.744346
436,55.857808 ,48.819654
438,49.51281 ,5.935415
439,48.829077 ,2.237703
440,52.504678 ,13.449021
441,-11.924823 ,-77.083473
443,38.750319 ,-91.966016
445,47.390891 ,8.055779
448,50.985836 ,-0.273958
450,40.62976 ,-91.31515
451,37.230614 ,-94.831904
452,48.841691 ,2.242722
455,47.796439 ,9.624863
458,48.034551 ,11.587031
460,48.864212 ,2.360936
464,26.493888 ,127.865372
465,47.23333 ,22.65
469,52.25 ,5.75
471,38.46806 ,106.27306
474,40 ,-4
476,36.704301 ,-80.574791
479,49.459294 ,9.889831
480,50.459621 ,3.929831
481,6.89359 ,80.596756
482,47.107771 ,-101.352449
484,46.263781 ,8.696755
488,-23.26536 ,-45.892858
494,-3.20333 ,-52.20639
497,23.504868 ,72.41884
498,47.449561 ,8.56496
503,33.5102 ,36.29128
504,8.5 ,-11.5
507,33.7208 ,-117.75168
508,40.558449 ,-8.413426
512,52.845879 ,8.040395
513,49.474632 ,8.509317
515,52.388861 ,9.749965
520,46.762732 ,-56.177695
522,38.46806 ,106.27306
526,52.079298 ,4.354722
529,48.944688 ,8.381103
535,35.679283 ,139.80956
538,53.540602 ,14.552663
539,36.168268 ,-86.779651
541,13.007822 ,77.564494
549,30.632654 ,-88.073234
550,-26.672146 ,153.096088
554,35.609479 ,140.305566
561,8.5 ,-11.5
567,34.23314 ,-102.41075
570,8.5 ,-11.5
575,37.942583 ,23.645261
576,13.042322 ,77.529426
581,13.16667 ,-59.53333
587,46 ,2
589,58.555202 ,26.712397
590,43.233655 ,-2.764133
591,-0.279479 ,-78.467519
593,53.785571 ,-3.046295
596,50.658549 ,6.694074
597,36.052257 ,-102.002399
599,22 ,-102.5
600,40 ,-4
603,51.537422 ,-0.061001
614,37.540601 ,-5.079589
615,42.83333 ,12.83333
622,49.60241 ,2.80102
625,60.165103 ,24.93999
626,49.459294 ,9.889831
628,46.263781 ,8.696755
634,8.5 ,-11.5
635,50.178288 ,8.918453
638,48.09918 ,-0.79292
641,43.36662 ,-5.86112
643,51.068049 ,13.779595
644,46.06085 ,13.23401
647,29.961078 ,-81.340501
649,36.718612 ,-4.496911
652,54.155568 ,38.1775
653,41.311421 ,19.446037
655,28.486359 ,-16.317929
656,41.648971 ,-4.713868
659,25.54389 ,-103.41898
661,8.5 ,-11.5
662,-7.437889 ,-70.028143
664,38.46806 ,106.27306
666,48.841691 ,2.242722
669,-38.65333 ,178.00417
674,-34.89478 ,-56.192477
676,40.91534 ,-81.10593
677,-15.763386 ,-47.88108
680,25 ,45
682,40 ,-4
685,-37.7 ,145.18333
686,41.94514 ,25.07868
687,45.5867 ,5.16286
689,-26.828806 ,-65.208318
692,54.326624 ,10.105359
693,18.596157 ,73.687473
694,52.507568 ,13.391332
695,12.832143 ,80.223782
697,48.555132 ,12.743875
698,45.339841 ,-75.910723
699,29.961078 ,-81.340501
700,30.04479 ,-98.039313
702,52.498252 ,-2.002874
703,38.46806 ,106.27306
704,15.760691 ,43.686232
705,47.852823 ,1.911113
706,43.569326 ,1.38676
707,33.588178 ,-100.217897
708,40.393715 ,-3.676087
709,40.416024 ,-3.696213
712,29.88628 ,-95.494941
713,40 ,-4
714,36.718612 ,-4.496911
721,41.412355 ,2.197328
722,37.540601 ,-5.079589
723,12.4989 ,124.6377
729,54.155568 ,38.1775
731,41.406739 ,2.132058
734,33.703837 ,72.978521
735,41.395942 ,2.149939
736,54.247107 ,-3.253915
737,38.09032 ,-92.29267
738,39.78373 ,-100.445882
739,14.18455 ,12.003467
740,41.311421 ,19.446037
741,41.82046 ,1.86768
743,43.451896 ,-3.871985
745,18.833333 ,-98
746,43.599429 ,-116.21314
751,38.09032 ,-92.29267
752,40.445524 ,-3.656695
754,41.396587 ,2.15164
760,41.394306 ,2.152455
761,41.611129 ,0.6272
764,-36.846418 ,174.761639
766,-13.716985 ,-76.205805
767,52.171533 ,20.973048
773,45.154542 ,-64.398833
774,39.029027 ,-96.829684
776,51.450806 ,-1.047016
778,42.83333 ,12.83333
781,40 ,-4
785,28.486359 ,-16.317929
787,49.95972 ,11.91072
788,41.400178 ,2.191572
789,40.483359 ,-3.667923
790,33.374755 ,130.194511
796,-12.162391 ,-76.997239
798,40.927641 ,-8.572243
799,40 ,-4
800,40 ,-4
803,41.397742 ,2.200686
806,-15.244396 ,-40.24283
809,40 ,-4
812,41.396109 ,2.15224
813,34.51147 ,-110.079608
817,45.786731 ,4.813551
818,40 ,-4
819,-37.7 ,145.18333
821,32 ,-6
822,5.26176 ,-0.75897
826,46.768653 ,17.655604
828,43.045331 ,-9.246803
830,51.478049 ,-0.607207
832,-37.786167 ,144.8908
833,44.843169 ,-93.440391
835,44.396444 ,-71.4396
838,41.382788 ,2.142822
840,43.597919 ,1.395703
845,40 ,-4
846,31.205963 ,16.583621
847,50.881401 ,4.28982
853,-20.463137 ,-41.414873
854,9.427095 ,49.002487
858,37.598532 ,-93.431586
859,41.395983 ,2.196867
861,-9.42547 ,147.111654
863,38.09032 ,-92.29267
864,31.31517 ,-85.85522
866,40.883642 ,0.804529
870,40 ,-4
874,51.068049 ,13.779595
876,45.14914 ,11.82057
878,48.16667 ,15.08333
880,6.996299 ,-9.471709
886,48.849147 ,2.352669
889,8.5 ,-11.5
891,36.983414 ,-122.056168
892,47.269234 ,11.182966
894,50.857585 ,5.809624
896,49.711287 ,-54.059949
897,46.946512 ,7.434997
899,38.46806 ,106.27306
900,41.36169 ,-83.62299
901,25 ,45
903,38.46806 ,106.27306
906,4.25 ,-74.18333
913,41.689785 ,-73.022303
914,43.570125 ,17.874871
916,36.223189 ,43.992625
918,53.566578 ,9.965491
920,48.315259 ,14.305121
922,38.46806 ,106.27306
924,8.616696 ,-13.198092
927,49.170979 ,-66.334046
928,44.375875 ,7.522388
929,-22.47 ,-43.82556
930,51.315348 ,9.539097
931,52.275113 ,-1.547099
932,9.598 ,138.1665
934,44.632531 ,-93.371892
935,19.426399 ,-99.170338
936,50.451827 ,30.525852
942,-26.891587 ,-49.085871
945,48.110578 ,11.450668
946,41.135892 ,0.651719
947,42.392616 ,-71.259491
949,40.107509 ,-89.376854
951,47.451068 ,8.565125
953,51.465532 ,-0.213083
955,-22.854586 ,-47.049094
959,50.969546 ,-0.883874
961,55.763682 ,37.642162
963,-34.623945 ,-58.427
964,42.242865 ,-83.744346
967,55.857808 ,48.819654
970,49.51281 ,5.935415
972,48.829077 ,2.237703
974,52.504678 ,13.449021
975,-11.924823 ,-77.083473
977,38.750319 ,-91.966016
980,38.46806 ,106.27306
981,47.390891 ,8.055779
984,50.985836 ,-0.273958
986,40.62976 ,-91.31515
987,37.230614 ,-94.831904
988,48.841691 ,2.242722
989,49.964436 ,11.603404
992,47.796439 ,9.624863
995,48.034551 ,11.587031
997,48.864212 ,2.360936
1001,26.493888 ,127.865372
1002,47.23333 ,22.65
1006,46.379475 ,11.106842
1007,52.25 ,5.75
1008,48.355657 ,9.915378
1010,38.46806 ,106.27306
1013,40 ,-4
1016,36.704301 ,-80.574791
1019,49.459294 ,9.889831
1021,50.459621 ,3.929831
1022,6.89359 ,80.596756
1023,47.107771 ,-101.352449
1025,46.263781 ,8.696755
1029,-23.26536 ,-45.892858
1035,-3.20333 ,-52.20639
1036,8.5 ,-11.5
1039,23.504868 ,72.41884
1040,47.449561 ,8.56496
1044,37.09784 ,41.4322
1048,33.5102 ,36.29128
1049,8.5 ,-11.5
1052,33.7208 ,-117.75168
1053,40.558449 ,-8.413426
1057,52.845879 ,8.040395
1058,49.474632 ,8.509317
1059,47.5253 ,18.993636
1060,52.854463 ,-119.246012
1062,52.388861 ,9.749965
1068,46.762732 ,-56.177695
1070,38.46806 ,106.27306
1075,41.695095 ,2.509612
1077,52.079298 ,4.354722
1079,30.893878 ,-82.692347
1081,48.944688 ,8.381103
1087,35.679283 ,139.80956
1088,55.835634 ,37.954136
1090,25.029422 ,-77.361956
1092,53.540602 ,14.552663
1093,48.190028 ,16.351035
1094,36.168268 ,-86.779651
1097,13.007822 ,77.564494
1106,30.632654 ,-88.073234
1108,-26.672146 ,153.096088
1113,35.609479 ,140.305566
1120,8.5 ,-11.5
1127,34.23314 ,-102.41075
1130,8.5 ,-11.5
1136,37.942583 ,23.645261
1137,13.042322 ,77.529426
1142,13.16667 ,-59.53333
1145,39.322584 ,-76.608112
1150,46 ,2
1152,58.555202 ,26.712397
1153,43.233655 ,-2.764133
1154,-0.279479 ,-78.467519
1156,53.785571 ,-3.046295
1160,50.658549 ,6.694074
1161,36.052257 ,-102.002399
1164,22 ,-102.5
1166,8.5 ,-11.5
1167,40 ,-4
1170,51.537422 ,-0.061001
1171,-2.91673 ,104.7458
1174,-34.57016 ,-58.450006
1184,40.393715 ,-3.676087
1186,29.88628 ,-95.494941
1187,36.718612 ,-4.496911
1191,54.155568 ,38.1775
1192,14.18455 ,12.003467
1195,44.693007 ,17.983485
1197,42.167285 ,-8.68226
1198,40 ,-4
1200,42.861517 ,-8.557433
1201,42.75508 ,-7.86621
1203,40 ,-4
1208,37.448582 ,-122.159292
1210,43.323658 ,-8.344107
1211,50.769652 ,34.328931
1214,-23.504454 ,-46.851127
1219,-37.7 ,145.18333
1220,52.845879 ,8.040395
1221,8.5 ,-11.5
1222,-38.65333 ,178.00417
1224,40.393715 ,-3.676087
1226,29.88628 ,-95.494941
1227,36.718612 ,-4.496911
1231,54.155568 ,38.1775
1232,14.18455 ,12.003467
1235,44.693007 ,17.983485
1237,42.167285 ,-8.68226
1238,40 ,-4
1240,42.861517 ,-8.557433
1241,42.75508 ,-7.86621
1243,40 ,-4
1248,37.448582 ,-122.159292
1250,43.323658 ,-8.344107
1251,50.769652 ,34.328931
1254,-23.504454 ,-46.851127
1259,-37.7 ,145.18333
1260,52.845879 ,8.040395
1261,8.5 ,-11.5
1262,-38.65333 ,178.00417
1266,41.394306 ,2.152455
1268,45.154542 ,-64.398833
1269,22 ,-102.5
1272,48.09918 ,-0.79292
1274,59.2823 ,10.33004
1275,39.64472 ,-94.73996
1277,43.262211 ,-2.929884
1278,38.010685 ,-3.369595
1279,32.382808 ,-98.979716
1280,41.94514 ,25.07868
1281,51.453635 ,7.009404
1282,32.60997 ,-110.765184
1283,45.5867 ,5.16286
1284,51.494938 ,7.283914
1285,50.943134 ,13.622803
1286,-26.828806 ,-65.208318
1287,12.890333 ,80.227979
1288,33.750038 ,-117.870493
1289,39.983052 ,-0.038647
1290,12.994539 ,77.708413
1293,46.729274 ,8.209899
1295,48.762973 ,2.309279
1296,45.532798 ,-122.903233
1297,52.507568 ,13.391332
1298,12.832143 ,80.223782
1299,12.9734 ,77.617014
1301,55.749285 ,37.534031
1302,37.782498 ,-122.391551
1303,48.775682 ,11.452402
1304,45.339841 ,-75.910723
1305,45.344021 ,-75.919586
1306,38.46806 ,106.27306
1307,14.553266 ,121.025769
1308,39.7511 ,-104.994634
1309,-34.544027 ,-58.47231
1310,29.961078 ,-81.340501
1313,37.367721 ,-121.918154
1314,45.525395 ,-122.685778
1315,30.04479 ,-98.039313
1316,53.380861 ,-2.222512
1317,45.279722 ,-95.689865
1318,43.645812 ,7.120973
1319,52.22663 ,21.044896
1320,52.498252 ,-2.002874
1321,44.280484 ,-69.914615
1322,45.324756 ,-75.835663
1323,47.135482 ,7.236732
1325,30.652175 ,-97.813532
1326,42.300014 ,-71.350891
1327,38.904135 ,-77.031033
1328,15.760691 ,43.686232
1329,47.852823 ,1.911113
1330,37.385504 ,-121.972405
1331,42.105852 ,-87.872413
1332,48.036445 ,15.196504
1333,-0.183979 ,-78.480385
1334,40.393715 ,-3.676087
1335,40.416024 ,-3.696213
1336,40.454179 ,-3.700284
1339,29.88628 ,-95.494941
1340,40.440438 ,-3.787186
1341,40 ,-4
1342,36.718612 ,-4.496911
1345,-23.52114 ,-46.645923
1352,37.540601 ,-5.079589
1353,47.504008 ,1.334011
1354,12.4989 ,124.6377
1361,54.155568 ,38.1775
1364,28.147969 ,-15.428618
1367,40.42526 ,-3.69063
1368,40.531662 ,-3.637569
1370,38.09032 ,-92.29267
1371,14.18455 ,12.003467
1373,41.311421 ,19.446037
1374,17.403045 ,102.8047
1376,43.451896 ,-3.871985
1378,18.833333 ,-98
1382,38.09032 ,-92.29267
1383,40.445524 ,-3.656695
1384,-22.984492 ,-43.223569
1388,41.394306 ,2.152455
1389,41.611129 ,0.6272
1391,43.204083 ,5.493238
1392,39.76 ,-98.5
1397,-13.716985 ,-76.205805
1398,26.407384 ,93.25513
1402,42.243187 ,-122.779487
1407,45.154542 ,-64.398833
1408,-34.515653 ,-58.474343
1409,8.983546 ,-79.521783
1410,43.350186 ,-4.052434
1415,51.450806 ,-1.047016
1417,42.83333 ,12.83333
1419,40.504968 ,-3.656605
1420,43.36662 ,-5.86112
1422,40 ,-4
1429,39.91678 ,-75.38769
1430,30.891251 ,77.779856
1431,54.115002 ,19.399115
1432,36.266557 ,6.488863
1433,28.486359 ,-16.317929
1437,46.180813 ,6.703048
1438,41.648971 ,-4.713868
1439,40.483359 ,-3.667923
1440,18.500722 ,-69.953459
1442,39.979214 ,-0.046983
1443,40.553406 ,-3.615608
1445,8.5 ,-11.5
1446,25.663843 ,-100.219695
1451,59.927468 ,40.396485
1455,-12.162391 ,-76.997239
1457,40.927641 ,-8.572243
1459,40 ,-4
1461,40 ,-4
1463,51.24974 ,-124.16972
1470,-15.244396 ,-40.24283
1473,40 ,-4
1474,53.13504 ,18.027379
1480,34.51147 ,-110.079608
1481,48.181161 ,11.585906
1483,45.786731 ,4.813551
1484,40 ,-4
1486,42.83333 ,12.83333
1490,50.845859 ,4.435921
1491,22 ,-102.5
1493,5.26176 ,-0.75897
1494,50.135928 ,8.569683
1496,46.768653 ,17.655604
1497,24.433143 ,90.496538
1498,43.045331 ,-9.246803
1500,52.509626 ,13.40709
1502,51.478049 ,-0.607207
1503,31.459763 ,74.2486
1505,52.505135 ,13.461874
1507,48.14786 ,11.578642
1511,44.396444 ,-71.4396
1513,48.269423 ,16.410517
1515,37.448582 ,-122.159292
1516,37.553495 ,-122.306616
1520,12.848311 ,79.705073
1521,32.906443 ,-117.186099
1522,60.16731 ,24.941812
1524,39.4803 ,-97.64928
1525,43.352308 ,-8.423072
1526,40 ,-4
1527,-41.239096 ,174.926308
1530,-35.322407 ,149.164749
1531,31.205963 ,16.583621
1532,40 ,-4
1534,41.17395 ,-7.052616
1536,38.46806 ,106.27306
1537,50.881401 ,4.28982
1538,43.572319 ,3.941318
1540,53.09043 ,8.774734
1542,48.519302 ,7.741164
1544,31.12129 ,-90.078142
1545,42.063809 ,-88.145717
1546,-36.829731 ,174.797538
1547,-20.463137 ,-41.414873
1551,33.925526 ,-84.481635
1553,49.273889 ,-0.878056
1554,40 ,-4
1555,38.46806 ,106.27306
1556,9.427095 ,49.002487
1560,54.21247 ,-5.889132
1561,47.308613 ,9.62993
1565,53.375076 ,-2.187251
1568,38.09032 ,-92.29267
1572,50.876805 ,4.497067
1576,48.162427 ,11.564124
1577,29.553449 ,34.953718
1578,50.04606 ,1.42079
1579,40 ,-4
1580,37.868645 ,-122.302421
1581,25.54389 ,-103.41898
1582,50.854279 ,4.418379
1584,49.821724 ,5.855142
1590,45.78374 ,11.87404
1593,48.16667 ,15.08333
1594,48.840092 ,2.237571
1595,59.900838 ,30.396428
1596,48.218463 ,16.405177
1597,38.46806 ,106.27306
1601,38.471754 ,-28.364256
1603,48.849147 ,2.352669
1605,55.611437 ,37.605819
1611,41.006076 ,-73.906027
1612,3.909429 ,11.526882
1614,50.857585 ,5.809624
1617,52.344268 ,4.830156
1618,46.946512 ,7.434997
1622,8.5 ,-11.5
1624,60.163885 ,24.935282
1626,45.415693 ,10.98522
1628,-34.849563 ,138.581995
1632,50.769652 ,34.328931
1640,10.677156 ,-61.522084
1641,43.570125 ,17.874871
1643,37.441952 ,-122.161152
1646,36.223189 ,43.992625
1647,39.91678 ,-75.38769
1648,53.566578 ,9.965491
1649,40.30293 ,-111.663554
1650,52.376507 ,4.905957
1651,49.453758 ,8.517316
1652,-7.437889 ,-70.028143
1653,40 ,-4
1654,48.88897 ,2.313819
1655,35.662333 ,139.87401
1657,51.961436 ,8.208913
1659,40.172868 ,-76.310837
1661,49.170979 ,-66.334046
1662,8.5 ,-11.5
1665,49.693844 ,6.330878
1666,52.529601 ,-1.780968
1668,9.598 ,138.1665
1670,55.769161 ,37.574857
1672,37.534811 ,126.998883
1673,46.529949 ,6.600484
1675,-8.89999 ,124.99999
1677,60.440771 ,22.244519
1678,43.43742 ,-79.712514
1679,45.975839 ,2.250052
1682,-26.891587 ,-49.085871
1685,48.110578 ,11.450668
1686,10.343655 ,-67.035133
1689,24.929364 ,67.097507
1691,38.46806 ,106.27306
1692,24.34453 ,124.18698
1693,47.451068 ,8.565125
1696,48.087942 ,14.050627
1701,60.260807 ,24.853574
1705,48.841951 ,2.384812
1706,34.94957 ,-81.93205
1709,28.395889 ,77.032381
1710,51.2274 ,4.401823
1712,-34.623945 ,-58.427
1713,39.904507 ,-86.029326
1714,33.094636 ,44.522927
1715,55.857808 ,48.819654
1716,40.116466 ,-75.343233
1718,-30.022338 ,22.362134
1720,48.877368 ,2.330422
1721,49.200641 ,-124.007214
1725,2.79622 ,41.01212
1726,48.829077 ,2.237703
1728,-37.7 ,145.18333
1732,25 ,45
1733,-34.103417 ,139.891156
1735,51.343116 ,70.667541
1739,43.200247 ,-2.990351
1742,-27.522166 ,-48.515293
1743,30.209457 ,-95.75081
1746,40.62976 ,-91.31515
1747,48.367109 ,10.868422
1748,42.712823 ,-73.664058
1753,24.779856 ,120.996139
1756,48.841691 ,2.242722
1757,55.01774 ,8.435997
1758,48.898193 ,2.291871
1760,47.796439 ,9.624863
1762,52.079298 ,4.354722
1764,0.295234 ,32.537558
1768,48.890614 ,2.255987
1770,47.78367 ,-1.44763
1772,60.165103 ,24.93999
1775,50.933159 ,12.477682
1776,47.23333 ,22.65
1778,48.374404 ,10.932554
1781,38.865328 ,-90.510674
1783,38.46806 ,106.27306
1786,40 ,-4
1787,36.704301 ,-80.574791
1788,51.049392 ,13.7217
1789,38.46806 ,106.27306
1790,48.067753 ,11.547123
1793,50.943386 ,6.944463
1797,22 ,-102.5
1802,50.859841 ,11.902161
1805,38.407383 ,42.016571
1809,22 ,-102.5
1810,39.6945 ,-8.13057
1812,37.09784 ,41.4322
1813,53.03771 ,-1.202889
1815,48.916236 ,2.220048
1817,22 ,-102.5
1819,40 ,-4
1824,52.845879 ,8.040395
1827,-33.327956 ,115.659582
1828,44.707992 ,9.057405
1830,40 ,-4
1832,43.621689 ,3.821468
1833,43.295644 ,-1.980001
1837,51.00755 ,5.58453
1838,-24.594722 ,30.763056
1839,43.440313 ,-3.858357
1840,52.079298 ,4.354722
1841,45.17805 ,5.86432
1843,46.524702 ,3.577992
1846,42.83333 ,12.83333
1850,55.835634 ,37.954136
1852,-10.5 ,105.66667
1853,47.711794 ,6.946325
1855,36.168268 ,-86.779651
1857,25.133032 ,121.73923
1863,25.029422 ,-77.361956
1867,38.09032 ,-92.29267
1869,48.389908 ,10.887757
1872,-38.65333 ,178.00417
1873,39.91678 ,-75.38769
1874,45.78374 ,11.87404
1876,0.106047 ,-67.440731
1885,43.292373 ,-72.471077
1889,-37.7 ,145.18333
1891,25.029422 ,-77.361956
1893,52.479242 ,13.499737
1894,40.116466 ,-75.343233
1899,49.000224 ,8.424453
1900,39.85068 ,-104.915317
1904,37.942583 ,23.645261
1907,31.789619 ,-106.509553
1908,40.376136 ,-3.641152
1909,40 ,-4
1912,46.560981 ,-1.399686
1916,40.614225 ,128.688596
1920,52.528308 ,13.315868
1921,25.029422 ,-77.361956
1922,8.5 ,-11.5
1923,46 ,2
1928,10.017998 ,-84.214526
1935,-6.1351 ,106.843131
1936,-17.508347 ,-149.772325
1938,38.46806 ,106.27306
1940,37.959557 ,23.735454
1945,14.718301 ,-17.27781
1947,-34.515653 ,-58.474343
1950,8.919734 ,-79.593947
1951,45.16667 ,15.5
1955,8.5 ,-11.5
1956,25.029422 ,-77.361956
1957,37.540601 ,-5.079589
1961,51.068049 ,13.779595
1963,47.23333 ,22.65
1965,8.5 ,-11.5
1966,41.695095 ,2.509612
1967,25 ,45
1970,48.09918 ,-0.79292
1971,43.262211 ,-2.929884
1972,29.961078 ,-81.340501
1974,29.88628 ,-95.494941
1975,36.718612 ,-4.496911
1980,12.4989 ,124.6377
1981,54.155568 ,38.1775
1984,51.279175 ,7.271162
1986,43.292254 ,-1.985634
1988,42.83333 ,12.83333
1989,40 ,-4
1991,40.483359 ,-3.667923
1992,39.78373 ,-100.445882
2000,49.799402 ,19.055565
2001,47.345427 ,0.725971
2004,51.068049 ,13.779595
2007,45.286253 ,-73.265613
2009,42.850252 ,-2.686108
2010,48.110578 ,11.450668
2012,-23.58715 ,-46.760297
2013,40.62976 ,-91.31515
2015,47.23333 ,22.65
2017,32.701327 ,-109.892107
2020,44.878856 ,17.304013
2021,43.295644 ,-1.980001
2022,43.440313 ,-3.858357
2030,41.5 ,75
2031,8.5 ,-11.5
2034,29.961078 ,-81.340501
2035,40.393715 ,-3.676087
2037,36.718612 ,-4.496911
2041,37.540601 ,-5.079589
2042,12.4989 ,124.6377
2047,14.718301 ,-17.27781
2049,43.204083 ,5.493238
2053,40.504968 ,-3.656605
2054,40 ,-4
2056,28.486359 ,-16.317929
2058,56.332119 ,28.896963
2059,25.045119 ,121.57907
2060,-34.588279 ,-58.435927
2061,-37.7 ,145.18333
2062,20.646389 ,-103.413621
2064,43.597919 ,1.395703
2066,40 ,-4
2067,-22.434409 ,-44.346792
2068,48.091193 ,11.646332
2069,25.54389 ,-103.41898
2070,51.068049 ,13.779595
2071,45.16667 ,15.5
2075,46.946512 ,7.434997
2076,48.307714 ,-121.625498
2078,48.110578 ,11.450668
2080,39.515187 ,-0.447579
2081,48.829077 ,2.237703
2083,50.985836 ,-0.273958
2084,40.62976 ,-91.31515
2086,-1.407638 ,5.625103
2087,38.46806 ,106.27306
2090,51.021146 ,-3.064519
2091,41.386559 ,2.172194
2092,53.843201 ,10.661281
2093,50.459621 ,3.929831
2098,29.563537 ,-98.316014
2099,45.52395 ,-122.682675
2102,22.97104 ,-98.95242
2104,-31.534737 ,-68.533931
2106,22 ,-102.5
2107,47.711794 ,6.946325
2109,39.9781 ,-85.08802
2114,39.91678 ,-75.38769
2115,3.406686 ,11.918485
2122,22 ,-102.5
2125,39.64472 ,-94.73996
2131,40.255864 ,-103.622412
2132,40.91534 ,-81.10593
2133,-15.763386 ,-47.88108
2136,25 ,45
2138,40 ,-4
2141,-37.7 ,145.18333
2142,41.94514 ,25.07868
2143,45.5867 ,5.16286
2145,-26.828806 ,-65.208318
2148,54.326624 ,10.105359
2149,18.596157 ,73.687473
2150,52.507568 ,13.391332
2151,12.832143 ,80.223782
2153,48.555132 ,12.743875
2154,45.339841 ,-75.910723
2155,29.961078 ,-81.340501
2156,30.04479 ,-98.039313
2158,52.498252 ,-2.002874
2159,38.46806 ,106.27306
2160,15.760691 ,43.686232
2161,47.852823 ,1.911113
2162,43.569326 ,1.38676
2163,33.588178 ,-100.217897
2164,40.393715 ,-3.676087
2165,40.416024 ,-3.696213
2168,29.88628 ,-95.494941
2169,40 ,-4
2170,36.718612 ,-4.496911
2177,41.412355 ,2.197328
2178,37.540601 ,-5.079589
2179,12.4989 ,124.6377
2185,54.155568 ,38.1775
2187,41.406739 ,2.132058
2190,33.703837 ,72.978521
2191,41.395942 ,2.149939
2192,54.247107 ,-3.253915
2193,38.09032 ,-92.29267
2194,39.78373 ,-100.445882
2195,14.18455 ,12.003467
2196,41.311421 ,19.446037
2197,41.82046 ,1.86768
2199,43.451896 ,-3.871985
2201,18.833333 ,-98
2202,43.599429 ,-116.21314
2207,38.09032 ,-92.29267
2208,40.445524 ,-3.656695
2210,41.396587 ,2.15164
2216,41.394306 ,2.152455
2217,41.611129 ,0.6272
2220,-36.846418 ,174.761639
2222,-13.716985 ,-76.205805
2223,52.171533 ,20.973048
2229,45.154542 ,-64.398833
2230,39.029027 ,-96.829684
2232,51.450806 ,-1.047016
2234,42.83333 ,12.83333
2237,40 ,-4
2241,28.486359 ,-16.317929
2243,49.95972 ,11.91072
2244,41.400178 ,2.191572
2245,40.483359 ,-3.667923
2246,33.374755 ,130.194511
2252,-12.162391 ,-76.997239
2254,40.927641 ,-8.572243
2255,40 ,-4
2256,40 ,-4
2259,41.397742 ,2.200686
2262,-15.244396 ,-40.24283
2265,40 ,-4
2268,41.396109 ,2.15224
2269,34.51147 ,-110.079608
2273,45.786731 ,4.813551
2274,40 ,-4
2275,-37.7 ,145.18333
2277,32 ,-6
2278,5.26176 ,-0.75897
2282,46.768653 ,17.655604
2284,43.045331 ,-9.246803
2286,51.478049 ,-0.607207
2288,-37.786167 ,144.8908
2289,44.843169 ,-93.440391
2291,44.396444 ,-71.4396
2294,41.382788 ,2.142822
2296,43.597919 ,1.395703
2301,40 ,-4
2302,31.205963 ,16.583621
2303,50.881401 ,4.28982
2309,-20.463137 ,-41.414873
2310,9.427095 ,49.002487
2314,37.598532 ,-93.431586
2315,41.395983 ,2.196867
2317,-9.42547 ,147.111654
2319,38.09032 ,-92.29267
2320,31.31517 ,-85.85522
2322,40.883642 ,0.804529
2326,40 ,-4
2330,51.068049 ,13.779595
2332,45.14914 ,11.82057
2334,48.16667 ,15.08333
2336,6.996299 ,-9.471709
2342,48.849147 ,2.352669
2345,8.5 ,-11.5
2347,36.983414 ,-122.056168
2348,47.269234 ,11.182966
2350,50.857585 ,5.809624
2352,49.711287 ,-54.059949
2353,46.946512 ,7.434997
2355,38.46806 ,106.27306
2356,41.36169 ,-83.62299
2357,25 ,45
2359,38.46806 ,106.27306
2362,4.25 ,-74.18333
2369,41.689785 ,-73.022303
2370,43.570125 ,17.874871
2372,36.223189 ,43.992625
2374,53.566578 ,9.965491
2376,48.315259 ,14.305121
2378,38.46806 ,106.27306
2380,8.616696 ,-13.198092
2383,49.170979 ,-66.334046
2384,44.375875 ,7.522388
2385,-22.47 ,-43.82556
2386,51.315348 ,9.539097
2387,52.275113 ,-1.547099
2388,9.598 ,138.1665
2390,44.632531 ,-93.371892
2391,19.426399 ,-99.170338
2392,50.451827 ,30.525852
2398,-26.891587 ,-49.085871
2401,48.110578 ,11.450668
2402,41.135892 ,0.651719
2403,42.392616 ,-71.259491
2405,40.107509 ,-89.376854
2407,47.451068 ,8.565125
2409,51.465532 ,-0.213083
2411,-22.854586 ,-47.049094
2415,50.969546 ,-0.883874
2417,55.763682 ,37.642162
2419,-34.623945 ,-58.427
2420,42.242865 ,-83.744346
2423,55.857808 ,48.819654
2426,49.51281 ,5.935415
2428,48.829077 ,2.237703
2430,52.504678 ,13.449021
2431,-11.924823 ,-77.083473
2433,38.750319 ,-91.966016
2436,38.46806 ,106.27306
2437,47.390891 ,8.055779
2440,50.985836 ,-0.273958
2442,40.62976 ,-91.31515
2443,37.230614 ,-94.831904
2444,48.841691 ,2.242722
2445,49.964436 ,11.603404
2448,47.796439 ,9.624863
2451,48.034551 ,11.587031
2453,48.864212 ,2.360936
2457,26.493888 ,127.865372
2458,47.23333 ,22.65
2460,25.029422 ,-77.361956
2462,46.379475 ,11.106842
2463,52.25 ,5.75
2464,48.355657 ,9.915378
2466,38.46806 ,106.27306
2469,40 ,-4
2472,25.029422 ,-77.361956
2475,49.459294 ,9.889831
2477,50.459621 ,3.929831
2478,6.89359 ,80.596756
2479,47.107771 ,-101.352449
2481,46.263781 ,8.696755
2485,-23.26536 ,-45.892858
2491,-3.20333 ,-52.20639
2492,8.5 ,-11.5
2495,23.504868 ,72.41884
2496,47.449561 ,8.56496
2500,37.09784 ,41.4322
2504,33.5102 ,36.29128
2505,8.5 ,-11.5
2508,33.7208 ,-117.75168
2509,40.558449 ,-8.413426
2513,52.845879 ,8.040395
2514,49.474632 ,8.509317
2515,47.5253 ,18.993636
2516,52.854463 ,-119.246012
2518,52.388861 ,9.749965
2524,46.762732 ,-56.177695
2526,38.46806 ,106.27306
2531,41.695095 ,2.509612
2533,52.079298 ,4.354722
2535,30.893878 ,-82.692347
2537,48.944688 ,8.381103
2543,35.679283 ,139.80956
2544,55.835634 ,37.954136
2546,50.645268 ,6.922865
2548,53.540602 ,14.552663
2549,48.190028 ,16.351035
2550,36.168268 ,-86.779651
2553,13.007822 ,77.564494
2562,30.632654 ,-88.073234
2564,-26.672146 ,153.096088
2569,35.609479 ,140.305566
2576,8.5 ,-11.5
2583,34.23314 ,-102.41075
2586,8.5 ,-11.5
2592,37.942583 ,23.645261
2593,13.042322 ,77.529426
2598,13.16667 ,-59.53333
2601,39.322584 ,-76.608112
2606,46 ,2
2608,58.555202 ,26.712397
2609,43.233655 ,-2.764133
2610,-0.279479 ,-78.467519
2612,53.785571 ,-3.046295
2616,50.658549 ,6.694074
2617,36.052257 ,-102.002399
2620,22 ,-102.5
2622,8.5 ,-11.5
2623,40 ,-4
2626,51.537422 ,-0.061001
2627,-2.91673 ,104.7458
2630,-34.57016 ,-58.450006
